jobid,name,url,remote_testing,adaptive_support,test_type,Assessment Length
4302.0,Global Skills Development Report,/products/product-catalog/view/global-skills-development-report/,Yes,No,"Ability & Aptitude, Assessment Exercises, Biodata & Situational Judgement, Competencies, Development & 360, Personality & Behavior",
3827.0,.NET Framework 4.5,/products/product-catalog/view/net-framework-4-5/,Yes,Yes,Knowledge & Skills,30
4094.0,.NET MVC (New),/products/product-catalog/view/net-mvc-new/,Yes,No,Knowledge & Skills,17
4099.0,.NET MVVM (New),/products/product-catalog/view/net-mvvm-new/,Yes,No,Knowledge & Skills,5
4018.0,.NET WCF (New),/products/product-catalog/view/net-wcf-new/,Yes,No,Knowledge & Skills,11
4016.0,.NET WPF (New),/products/product-catalog/view/net-wpf-new/,Yes,No,Knowledge & Skills,9
4165.0,.NET XAML (New),/products/product-catalog/view/net-xaml-new/,Yes,No,Knowledge & Skills,5
4178.0,Accounts Payable (New),/products/product-catalog/view/accounts-payable-new/,Yes,No,Knowledge & Skills,9
4187.0,Accounts Payable Simulation (New),/products/product-catalog/view/accounts-payable-simulation-new/,Yes,No,Simulations,8
4179.0,Accounts Receivable (New),/products/product-catalog/view/accounts-receivable-new/,Yes,No,Knowledge & Skills,13
4188.0,Accounts Receivable Simulation (New),/products/product-catalog/view/accounts-receivable-simulation-new/,Yes,No,Simulations,8
4168.0,ADO.NET (New),/products/product-catalog/view/ado-net-new/,Yes,No,Knowledge & Skills,10
4019.0,Adobe Experience Manager (New),/products/product-catalog/view/adobe-experience-manager-new/,Yes,No,Knowledge & Skills,17
3778.0,Adobe Photoshop CC,/products/product-catalog/view/adobe-photoshop-cc/,Yes,Yes,Knowledge & Skills,20
4069.0,Aeronautical Engineering (New),/products/product-catalog/view/aeronautical-engineering-new/,Yes,No,Knowledge & Skills,10
4004.0,Aerospace Engineering (New),/products/product-catalog/view/aerospace-engineering-new/,Yes,No,Knowledge & Skills,10
4223.0,Agile Software Development,/products/product-catalog/view/agile-software-development/,Yes,No,Knowledge & Skills,7
4159.0,Agile Testing (New),/products/product-catalog/view/agile-testing-new/,Yes,No,Knowledge & Skills,13
4311.0,AI Skills,/products/product-catalog/view/ai-skills/,Yes,No,Personality & Behavior,16
4028.0,Amazon Web Services (AWS) Development (New),/products/product-catalog/view/amazon-web-services-aws-development-new/,Yes,No,Knowledge & Skills,6
4160.0,Android Development (New),/products/product-catalog/view/android-development-new/,Yes,No,Knowledge & Skills,7
4153.0,Angular 6 (New),/products/product-catalog/view/angular-6-new/,Yes,No,Knowledge & Skills,11
4021.0,AngularJS (New),/products/product-catalog/view/angularjs-new/,Yes,No,Knowledge & Skills,9
4030.0,Apache Hadoop (New),/products/product-catalog/view/apache-hadoop-new/,Yes,No,Knowledge & Skills,7
4011.0,Apache Hadoop Extensions (New),/products/product-catalog/view/apache-hadoop-extensions-new/,Yes,No,Knowledge & Skills,9
4073.0,Apache HBase (New),/products/product-catalog/view/apache-hbase-new/,Yes,No,Knowledge & Skills,5
4075.0,Apache Hive (New),/products/product-catalog/view/apache-hive-new/,Yes,No,Knowledge & Skills,5
4022.0,Apache Kafka (New),/products/product-catalog/view/apache-kafka-new/,Yes,No,Knowledge & Skills,6
4115.0,Apache Pig (New),/products/product-catalog/view/apache-pig-new/,Yes,No,Knowledge & Skills,6
4023.0,Apache Spark (New),/products/product-catalog/view/apache-spark-new/,Yes,No,Knowledge & Skills,8
4017.0,ASP .NET with C# (New),/products/product-catalog/view/asp-net-with-c-new/,Yes,No,Knowledge & Skills,13
3786.0,ASP.NET 4.5,/products/product-catalog/view/asp-net-4-5/,Yes,Yes,Knowledge & Skills,30
4219.0,Assessment and Development Center Exercises,/products/product-catalog/view/assessment-and-development-center-exercises/,Yes,No,Assessment Exercises,
3980.0,Automata - Fix (New),/products/product-catalog/view/automata-fix-new/,Yes,No,Simulations,20
3981.0,Automata - SQL (New),/products/product-catalog/view/automata-sql-new/,Yes,No,Simulations,30
3984.0,Automata (New),/products/product-catalog/view/automata-new/,Yes,No,Simulations,45
3982.0,Automata Data Science (New),/products/product-catalog/view/automata-data-science-new/,Yes,No,Simulations,60
3983.0,Automata Data Science Pro (New),/products/product-catalog/view/automata-data-science-pro-new/,Yes,No,Simulations,60
4222.0,Automata Front End,/products/product-catalog/view/automata-front-end/,Yes,No,Simulations,30
3985.0,Automata Pro (New),/products/product-catalog/view/automata-pro-new/,Yes,No,Simulations,60
4229.0,Automata Selenium,/products/product-catalog/view/automata-selenium/,Yes,No,Simulations,60
4026.0,Automation Anywhere RPA Development (New),/products/product-catalog/view/automation-anywhere-rpa-development-new/,Yes,No,Knowledge & Skills,8
4025.0,Automotive Engineering (New),/products/product-catalog/view/automotive-engineering-new/,Yes,No,Knowledge & Skills,13
3988.0,Basic Biology (New),/products/product-catalog/view/basic-biology-new/,Yes,No,Knowledge & Skills,6
4206.0,Basic Computer Literacy (Windows 10) (New),/products/product-catalog/view/basic-computer-literacy-windows-10-new/,Yes,No,"Simulations, Knowledge & Skills",30
4149.0,Basic Statistics (New),/products/product-catalog/view/basic-statistics-new/,Yes,No,Knowledge & Skills,10
4161.0,Biochemistry (New),/products/product-catalog/view/biochemistry-new/,Yes,No,Knowledge & Skills,8
4036.0,Biotech Lab Techniques (New),/products/product-catalog/view/biotech-lab-techniques-new/,Yes,No,Knowledge & Skills,5
4037.0,BizTalk (New),/products/product-catalog/view/biztalk-new/,Yes,No,Knowledge & Skills,16
244.0,Business Communication (adaptive),/products/product-catalog/view/business-communication-adaptive/,Yes,Yes,Knowledge & Skills,24
536.0,Business Communications,/products/product-catalog/view/business-communications/,Yes,No,Knowledge & Skills,35
4038.0,C Programming (New),/products/product-catalog/view/c-programming-new/,Yes,No,Knowledge & Skills,10
4039.0,C# Programming (New),/products/product-catalog/view/c-programming-new-4039/,Yes,No,Knowledge & Skills,9
4122.0,C++ Programming (New),/products/product-catalog/view/c-programming-new-4122/,Yes,No,Knowledge & Skills,10
4077.0,Cardiology and Diabetes Management (New),/products/product-catalog/view/cardiology-and-diabetes-management-new/,Yes,No,Knowledge & Skills,4
4044.0,Ceramic Engineering (New),/products/product-catalog/view/ceramic-engineering-new/,Yes,No,Knowledge & Skills,12
4012.0,Chemical Engineering (New),/products/product-catalog/view/chemical-engineering-new/,Yes,No,Knowledge & Skills,13
4024.0,Cisco AppDynamics (New),/products/product-catalog/view/cisco-appdynamics-new/,Yes,No,Knowledge & Skills,9
4150.0,Civil Engineering (New),/products/product-catalog/view/civil-engineering-new/,Yes,No,Knowledge & Skills,10
4045.0,Cloud Computing (New),/products/product-catalog/view/cloud-computing-new/,Yes,No,Knowledge & Skills,8
4046.0,COBOL Programming (New),/products/product-catalog/view/cobol-programming-new/,Yes,No,Knowledge & Skills,10
4104.0,Computer Science (New),/products/product-catalog/view/computer-science-new/,Yes,No,Knowledge & Skills,12
4189.0,Contact Center Call Simulation (New),/products/product-catalog/view/contact-center-call-simulation-new/,Yes,No,Simulations,15
4296.0,Conversational Multichat Simulation,/products/product-catalog/view/conversational-multichat-simulation/,Yes,No,Simulations,11
4034.0,Core Java (Advanced Level) (New),/products/product-catalog/view/core-java-advanced-level-new/,Yes,No,Knowledge & Skills,13
4032.0,Core Java (Entry Level) (New),/products/product-catalog/view/core-java-entry-level-new/,Yes,No,Knowledge & Skills,13
3458.0,Count Out The Money,/products/product-catalog/view/count-out-the-money/,Yes,Yes,"Knowledge & Skills, Simulations",5
4052.0,CSS3 (New),/products/product-catalog/view/css3-new/,Yes,No,Knowledge & Skills,8
4050.0,Culinary Skills (New),/products/product-catalog/view/culinary-skills-new/,Yes,No,Knowledge & Skills,7
3933.0,Customer Service Phone Simulation,/products/product-catalog/view/customer-service-phone-simulation/,Yes,No,"Biodata & Situational Judgement, Simulations",20
3931.0,Customer Service Phone Solution,/products/product-catalog/view/customer-service-phone-solution/,Yes,No,"Biodata & Situational Judgement, Personality & Behavior, Simulations",30
4053.0,Cyber Risk (New),/products/product-catalog/view/cyber-risk-new/,Yes,No,Knowledge & Skills,9
4186.0,Data Entry (New),/products/product-catalog/view/data-entry-new/,Yes,No,Simulations,4
778.0,Data Entry Alphanumeric Split Screen - US,/products/product-catalog/view/data-entry-alphanumeric-split-screen-us/,Yes,No,Knowledge & Skills,5
779.0,Data Entry Numeric Split Screen - US,/products/product-catalog/view/data-entry-numeric-split-screen-us/,Yes,No,Knowledge & Skills,5
785.0,Data Entry Ten Key Split Screen,/products/product-catalog/view/data-entry-ten-key-split-screen/,Yes,No,Knowledge & Skills,3
4013.0,Data Science (New),/products/product-catalog/view/data-science-new/,Yes,No,Knowledge & Skills,14
56.0,Data Warehousing Concepts,/products/product-catalog/view/data-warehousing-concepts/,Yes,Yes,Knowledge & Skills,25
731.0,Dependability and Safety Instrument (DSI),/products/product-catalog/view/dependability-and-safety-instrument-dsi/,Yes,No,Personality & Behavior,10
4162.0,Dermatology (New),/products/product-catalog/view/dermatology-new/,Yes,No,Knowledge & Skills,3
4101.0,Desktop Support (New),/products/product-catalog/view/desktop-support-new/,Yes,No,Knowledge & Skills,8
4003.0,Digital Advertising (New),/products/product-catalog/view/digital-advertising-new/,Yes,No,Knowledge & Skills,7
4221.0,Digital Readiness Development Report - IC,/products/product-catalog/view/digital-readiness-development-report/,Yes,No,Personality & Behavior,
4239.0,Digital Readiness Development Report - Manager,/products/product-catalog/view/digital-readiness-development-report-manager/,Yes,No,Personality & Behavior,
4059.0,Docker (New),/products/product-catalog/view/docker-new/,Yes,No,Knowledge & Skills,10
4060.0,Dojo (New),/products/product-catalog/view/dojo-new/,Yes,No,Knowledge & Skills,11
4062.0,Drupal (New),/products/product-catalog/view/drupal-new/,Yes,No,Knowledge & Skills,17
1102.0,DSI v1.1 Interpretation Report,/products/product-catalog/view/dsi-v1-1-interpretation-report/,Yes,No,Personality & Behavior,
4148.0,Econometrics (New),/products/product-catalog/view/econometrics-new/,Yes,No,Knowledge & Skills,11
4009.0,Economics (New),/products/product-catalog/view/economics-new/,Yes,No,Knowledge & Skills,13
4001.0,Electrical and Electronics Engineering (New),/products/product-catalog/view/electrical-and-electronics-engineering-new/,Yes,No,Knowledge & Skills,14
4031.0,Electrical Engineering (New),/products/product-catalog/view/electrical-engineering-new/,Yes,No,Knowledge & Skills,8
4002.0,Electronics & Telecommunications Engineering (New),/products/product-catalog/view/electronics-and-telecommunications-engineering-new/,Yes,No,Knowledge & Skills,15
4000.0,Electronics and Embedded Systems Engineering (New),/products/product-catalog/view/electronics-and-embedded-systems-engineering-new/,Yes,No,Knowledge & Skills,18
4139.0,Electronics and Semiconductor Engineering (New),/products/product-catalog/view/electronics-and-semiconductor-engineering-new/,Yes,No,Knowledge & Skills,7
4180.0,English Comprehension (New),/products/product-catalog/view/english-comprehension-new/,Yes,No,Knowledge & Skills,0
4063.0,Enterprise Java Beans (New),/products/product-catalog/view/enterprise-java-beans-new/,Yes,No,Knowledge & Skills,4
3856.0,Enterprise Leadership Report 1.0,/products/product-catalog/view/enterprise-leadership-report/,Yes,No,Personality & Behavior,
4287.0,Enterprise Leadership Report 2.0,/products/product-catalog/view/enterprise-leadership-report-2-0/,Yes,No,Personality & Behavior,
3934.0,Entry Level Cashier Solution,/products/product-catalog/view/entry-level-cashier-solution/,Yes,No,"Competencies, Personality & Behavior",19
3939.0,Entry Level Customer Serv-Retail & Contact Center,/products/product-catalog/view/entry-level-customer-serv-retail-and-contact-center/,Yes,No,"Personality & Behavior, Competencies",19
3935.0,Entry Level Customer Service (General) Solution,/products/product-catalog/view/entry-level-customer-service-general-solution/,Yes,No,"Competencies, Personality & Behavior",14
3936.0,Entry Level Hotel Front Desk Solution,/products/product-catalog/view/entry-level-hotel-front-desk-solution/,Yes,No,"Competencies, Personality & Behavior",20
3937.0,Entry Level Sales Solution,/products/product-catalog/view/entry-level-sales-solution/,Yes,No,"Competencies, Personality & Behavior",20
3938.0,Entry Level Technical Support Solution,/products/product-catalog/view/entry-level-technical-support-solution/,Yes,No,"Personality & Behavior, Competencies",18
4065.0,ETL Testing (New),/products/product-catalog/view/etl-testing-new/,Yes,No,Knowledge & Skills,9
743.0,Executive Scenarios,/products/product-catalog/view/executive-scenarios/,Yes,No,Biodata & Situational Judgement,
3849.0,Executive Scenarios Narrative Report,/products/product-catalog/view/executive-scenarios-narrative-report/,Yes,No,Biodata & Situational Judgement,
3899.0,Executive Scenarios Profile Report,/products/product-catalog/view/executive-scenarios-profile-report/,Yes,No,Biodata & Situational Judgement,
4127.0,ExpressJS (New),/products/product-catalog/view/expressjs-new/,Yes,No,Knowledge & Skills,7
380.0,Filing - Names (R1),/products/product-catalog/view/filing-names-r1/,Yes,No,Knowledge & Skills,3
381.0,Filing - Numbers,/products/product-catalog/view/filing-numbers/,Yes,No,Knowledge & Skills,3
3992.0,Financial Accounting (New),/products/product-catalog/view/financial-accounting-new/,Yes,No,Knowledge & Skills,9
4083.0,Financial and Banking Services (New),/products/product-catalog/view/financial-and-banking-services-new/,Yes,No,Knowledge & Skills,9
4067.0,Fire Engineering (New),/products/product-catalog/view/fire-engineering-new/,Yes,No,Knowledge & Skills,10
382.0,Following Instructions v1 - UK (R1),/products/product-catalog/view/following-instructions-v1-uk-r1/,Yes,No,Knowledge & Skills,8
383.0,Following Instructions v1 - US (R2),/products/product-catalog/view/following-instructions-v1-us-r2/,Yes,No,Knowledge & Skills,8
4090.0,Food and Beverage Services (New),/products/product-catalog/view/food-and-beverage-services-new/,Yes,No,Knowledge & Skills,7
4071.0,Food Science (New),/products/product-catalog/view/food-science-new/,Yes,No,Knowledge & Skills,6
4072.0,Front Office Management (New),/products/product-catalog/view/front-office-management-new/,Yes,No,Knowledge & Skills,7
4113.0,Fundamentals of Chemistry (New),/products/product-catalog/view/fundamentals-of-chemistry-new/,Yes,No,Knowledge & Skills,8
4043.0,Fundamentals of Physics (New),/products/product-catalog/view/fundamentals-of-physics-new/,Yes,No,Knowledge & Skills,8
4048.0,General Diseases (New),/products/product-catalog/view/general-diseases-new/,Yes,No,Knowledge & Skills,5
4125.0,Geoinformatics Engineering (New),/products/product-catalog/view/geoinformatics-engineering-new/,Yes,No,Knowledge & Skills,10
4066.0,Geoscience Engineering (New),/products/product-catalog/view/geoscience-engineering-new/,Yes,No,Knowledge & Skills,8
4078.0,GIT (New),/products/product-catalog/view/git-new/,Yes,No,Knowledge & Skills,13
4301.0,Global Skills Assessment,/products/product-catalog/view/global-skills-assessment/,Yes,No,"Competencies, Knowledge & Skills",16
741.0,Graduate Scenarios,/products/product-catalog/view/graduate-scenarios/,Yes,No,Biodata & Situational Judgement,
3900.0,Graduate Scenarios Narrative Report,/products/product-catalog/view/graduate-scenarios-narrative-report/,Yes,No,Biodata & Situational Judgement,
3901.0,Graduate Scenarios Profile Report,/products/product-catalog/view/graduate-scenarios-profile-report/,Yes,No,Biodata & Situational Judgement,
4074.0,Hibernate (New),/products/product-catalog/view/hibernate-new/,Yes,No,Knowledge & Skills,5
331.0,HIPAA (Security),/products/product-catalog/view/hipaa-security/,Yes,Yes,Knowledge & Skills,15
3845.0,HiPo Assessment Report 1.0,/products/product-catalog/view/hipo-assessment-report-1-0/,Yes,No,"Competencies, Personality & Behavior",
4284.0,HiPo Assessment Report 2.0,/products/product-catalog/view/hipo-assessment-report-2-0/,Yes,No,"Competencies, Personality & Behavior",
4285.0,HiPo Unlocking Potential Report 2.0,/products/product-catalog/view/hipo-unlocking-potential-report-2-0/,Yes,No,Competencies,
4076.0,Housekeeping (New),/products/product-catalog/view/housekeeping-new/,Yes,No,Knowledge & Skills,7
4080.0,HTML/CSS (New),/products/product-catalog/view/htmlcss-new/,Yes,No,Knowledge & Skills,12
4081.0,HTML5 (New),/products/product-catalog/view/html5-new/,Yes,No,Knowledge & Skills,11
3999.0,Human Resources (New),/products/product-catalog/view/human-resources-new/,Yes,No,Knowledge & Skills,8
4169.0,IBM DataStage (New),/products/product-catalog/view/ibm-datastage-new/,Yes,No,Knowledge & Skills,15
4155.0,IBM Sterling Order Management System (New),/products/product-catalog/view/ibm-sterling-order-management-system-new/,Yes,No,Knowledge & Skills,13
4005.0,Industrial Engineering (New),/products/product-catalog/view/industrial-engineering-new/,Yes,No,Knowledge & Skills,9
4054.0,Informatica (Architecture) (New),/products/product-catalog/view/informatica-architecture-new/,Yes,No,Knowledge & Skills,10
4055.0,Informatica (Developer) (New),/products/product-catalog/view/informatica-developer-new/,Yes,No,Knowledge & Skills,11
,Instrumentation Engineering (New),/products/product-catalog/view/instrumentation-engineering-new/,Yes,No,Knowledge & Skills,12
,Interpersonal Communications,/products/product-catalog/view/interpersonal-communications/,Yes,Yes,Knowledge & Skills,15
,Interviewing and Hiring Concepts (U.S.),/products/product-catalog/view/interviewing-and-hiring-concepts-u-s/,Yes,Yes,Knowledge & Skills,15
,iOS Development (New),/products/product-catalog/view/ios-development-new/,Yes,No,Knowledge & Skills,7
,ITIL (IT Infrastructure Library) (New),/products/product-catalog/view/itil-it-infrastructure-library-new/,Yes,No,Knowledge & Skills,8
,Java 2 Platform Enterprise Edition 1.4 Fundamental,/products/product-catalog/view/java-2-platform-enterprise-edition-1-4-fundamental/,Yes,No,Knowledge & Skills,30
,Java 8 (New),/products/product-catalog/view/java-8-new/,Yes,No,Knowledge & Skills,18
,Java Design Patterns (New),/products/product-catalog/view/java-design-patterns-new/,Yes,No,Knowledge & Skills,5
,Java Frameworks (New),/products/product-catalog/view/java-frameworks-new/,Yes,No,Knowledge & Skills,17
,Java Platform Enterprise Edition 7 (Java EE 7),/products/product-catalog/view/java-platform-enterprise-edition-7-java-ee-7/,Yes,No,Knowledge & Skills,30
,Java Web Services (New),/products/product-catalog/view/java-web-services-new/,Yes,No,Knowledge & Skills,8
,JavaScript (New),/products/product-catalog/view/javascript-new/,Yes,No,Knowledge & Skills,9
4086.0,Jenkins (New),/products/product-catalog/view/jenkins-new/,Yes,No,Knowledge & Skills,6
4085.0,Job Control Language (New),/products/product-catalog/view/job-control-language-new/,Yes,No,Knowledge & Skills,10
4087.0,jQuery (New),/products/product-catalog/view/jquery-new/,Yes,No,Knowledge & Skills,10
4152.0,Kubernetes (New),/products/product-catalog/view/kubernetes-new/,Yes,No,Knowledge & Skills,6
3990.0,Linux Administration (New),/products/product-catalog/view/linux-administration-new/,Yes,No,Knowledge & Skills,10
4299.0,Linux Operating System,/products/product-catalog/view/linux-operating-system/,Yes,No,Knowledge & Skills,15
205.0,Linux Programming (General),/products/product-catalog/view/linux-programming-general/,Yes,Yes,Knowledge & Skills,25
4170.0,Load Runner (New),/products/product-catalog/view/load-runner-new/,Yes,No,Knowledge & Skills,6
742.0,Management Scenarios,/products/product-catalog/view/management-scenarios/,Yes,No,Biodata & Situational Judgement,
3903.0,Managerial Scenarios Candidate Report,/products/product-catalog/view/managerial-scenarios-candidate-report/,Yes,No,Biodata & Situational Judgement,
3902.0,Managerial Scenarios Narrative Report,/products/product-catalog/view/managerial-scenarios-narrative-report/,Yes,No,Biodata & Situational Judgement,
3904.0,Managerial Scenarios Profile Report,/products/product-catalog/view/managerial-scenarios-profile-report/,Yes,No,Biodata & Situational Judgement,
4157.0,Manual Testing (New),/products/product-catalog/view/manual-testing-new/,Yes,No,Knowledge & Skills,10
4291.0,Manufac. & Indust. - Mechanical & Vigilance 8.0,/products/product-catalog/view/mechanical-and-vigilance-focus-8-0/,Yes,No,"Ability & Aptitude, Personality & Behavior",49
4293.0,Manufac. & Indust. - Safety & Dependability 8.0,/products/product-catalog/view/safety-and-dependability-focus-8-0/,Yes,No,Personality & Behavior,16
4295.0,Manufacturing & Industrial - Essential Focus 8.0,/products/product-catalog/view/essential-focus-8-0/,Yes,No,Personality & Behavior,16
4292.0,Manufacturing & Industrial - Mechanical Focus 8.0,/products/product-catalog/view/mechanical-focus-8-0/,Yes,No,"Ability & Aptitude, Personality & Behavior",31
4294.0,Manufacturing & Industrial - Vigilance Focus 8.0,/products/product-catalog/view/vigilance-focus-8-0/,Yes,No,"Ability & Aptitude, Personality & Behavior",34
4008.0,Marketing (New),/products/product-catalog/view/marketing-new/,Yes,No,Knowledge & Skills,9
4089.0,Maven (New),/products/product-catalog/view/maven-new/,Yes,No,Knowledge & Skills,7
4006.0,Mechanical Engineering (New),/products/product-catalog/view/mechanical-engineering-new/,Yes,No,Knowledge & Skills,7
4176.0,Mechatronics Engineering (New),/products/product-catalog/view/mechatronics-engineering-new/,Yes,No,Knowledge & Skills,19
4058.0,Medical Terminology (New),/products/product-catalog/view/medical-terminology-new/,Yes,No,Knowledge & Skills,3
4119.0,Metallurgical Engineering (New),/products/product-catalog/view/metallurgical-engineering-new/,Yes,No,Knowledge & Skills,10
3951.0,MFS 360 Enterprise Leadership Report,/products/product-catalog/view/mfs-360-enterprise-leadership-report/,Yes,No,Development & 360,
3950.0,MFS 360 UCF Group Report,/products/product-catalog/view/mfs-360-ucf-group-report/,Yes,No,Development & 360,
3949.0,MFS 360 UCF Performance Potential Dev Tips Report,/products/product-catalog/view/mfs-360-ucf-performance-potential-dev-tips-report/,Yes,No,Development & 360,
3948.0,MFS 360 UCF Standard Report,/products/product-catalog/view/mfs-360-ucf-standard-report/,Yes,No,Development & 360,
4027.0,Micro Focus Unified Functional Testing (New),/products/product-catalog/view/micro-focus-unified-functional-testing-new/,Yes,No,Knowledge & Skills,12
4091.0,Microservices (New),/products/product-catalog/view/microservices-new/,Yes,No,Knowledge & Skills,7
4092.0,Microsoft Dynamics Development (New),/products/product-catalog/view/microsoft-dynamics-development-new/,Yes,No,Knowledge & Skills,9
4208.0,Microsoft Excel 365 - Essentials (New),/products/product-catalog/view/microsoft-excel-365-essentials-new/,Yes,No,"Knowledge & Skills, Simulations",30
4207.0,Microsoft Excel 365 (New),/products/product-catalog/view/microsoft-excel-365-new/,Yes,No,"Knowledge & Skills, Simulations",35
3785.0,Microsoft Outlook 2013 (adaptive),/products/product-catalog/view/microsoft-outlook-2013-adaptive/,Yes,Yes,Knowledge & Skills,25
4212.0,Microsoft PowerPoint 365 - Essentials (New),/products/product-catalog/view/microsoft-powerpoint-365-essentials-new/,Yes,No,"Knowledge & Skills, Simulations",25
3789.0,Microsoft SQL Server 2014 Programming,/products/product-catalog/view/microsoft-sql-server-2014-programming/,Yes,Yes,Knowledge & Skills,35
3807.0,Microsoft Windows Server 2012 Administration,/products/product-catalog/view/microsoft-windows-server-2012-administration/,Yes,Yes,Knowledge & Skills,35
4211.0,Microsoft Word 365 - Essentials (New),/products/product-catalog/view/microsoft-word-365-essentials-new/,Yes,No,"Knowledge & Skills, Simulations",25
4210.0,Microsoft Word 365 (New),/products/product-catalog/view/microsoft-word-365-new/,Yes,No,"Simulations, Knowledge & Skills",35
4047.0,Mineral Engineering (New),/products/product-catalog/view/mineral-engineering-new/,Yes,No,Knowledge & Skills,12
4093.0,Mining Engineering (New),/products/product-catalog/view/mining-engineering-new/,Yes,No,Knowledge & Skills,16
4174.0,Mobility (New),/products/product-catalog/view/mobility-new/,Yes,No,Knowledge & Skills,9
4096.0,Molecular Biology (New),/products/product-catalog/view/molecular-biology-new/,Yes,No,Knowledge & Skills,6
4010.0,MongoDB (New),/products/product-catalog/view/mongodb-new/,Yes,No,Knowledge & Skills,7
724.0,Motivation Questionnaire MQM5,/products/product-catalog/view/motivation-questionnaire-mqm5/,Yes,No,Personality & Behavior,
1308.0,MQ Candidate Motivation Report,/products/product-catalog/view/mq-candidate-motivation-report/,Yes,No,Personality & Behavior,
1306.0,MQ Employee Motivation Report,/products/product-catalog/view/mq-employee-motivation-report/,Yes,No,Personality & Behavior,
1309.0,MQ Motivation Report Pack,/products/product-catalog/view/mq-motivation-report-pack/,Yes,No,Personality & Behavior,
1048.0,MQ Profile,/products/product-catalog/view/mq-profile/,Yes,No,Personality & Behavior,
4015.0,MS Access (New),/products/product-catalog/view/ms-access-new/,Yes,No,Knowledge & Skills,7
3993.0,MS Excel (New),/products/product-catalog/view/ms-excel-new/,Yes,No,Knowledge & Skills,6
3995.0,MS Office Basic Computer Literacy (New),/products/product-catalog/view/ms-office-basic-computer-literacy-new/,Yes,No,Knowledge & Skills,7
4193.0,MS Office Basic Computer Literacy (Sim) (New),/products/product-catalog/view/ms-office-basic-computer-literacy-sim-new/,Yes,No,Simulations,5
4097.0,MS PowerPoint (New),/products/product-catalog/view/ms-powerpoint-new/,Yes,No,Knowledge & Skills,4
3994.0,MS Word (New),/products/product-catalog/view/ms-word-new/,Yes,No,Knowledge & Skills,4
4098.0,MuleSoft Development (New),/products/product-catalog/view/mulesoft-development-new/,Yes,No,Knowledge & Skills,17
615.0,Multitasking Ability,/products/product-catalog/view/multitasking-ability/,Yes,No,"Ability & Aptitude, Knowledge & Skills, Simulations",20
4100.0,Networking and Implementation (New),/products/product-catalog/view/networking-and-implementation-new/,Yes,No,Knowledge & Skills,7
3997.0,Node.js (New),/products/product-catalog/view/node-js-new/,Yes,No,Knowledge & Skills,9
4041.0,Nursing (New),/products/product-catalog/view/nursing-new/,Yes,No,Knowledge & Skills,11
720.0,Occupational Personality Questionnaire OPQ32r,/products/product-catalog/view/occupational-personality-questionnaire-opq32r/,Yes,No,Personality & Behavior,
4116.0,Operations Management (New),/products/product-catalog/view/operations-management-new/,Yes,No,Knowledge & Skills,7
727.0,OPQ Candidate Plus Report,/products/product-catalog/view/opq-candidate-plus-report/,Yes,No,Personality & Behavior,
4298.0,OPQ Candidate Report 2.0,/products/product-catalog/view/opq-candidate-report-2-0/,Yes,No,Personality & Behavior,
748.0,OPQ Emotional Intelligence Report,/products/product-catalog/view/opq-emotional-intelligence-report/,Yes,No,Personality & Behavior,
749.0,OPQ Leadership Report,/products/product-catalog/view/opq-leadership-report/,Yes,No,Personality & Behavior,
750.0,OPQ Manager Plus Report,/products/product-catalog/view/opq-manager-plus-report/,Yes,No,Personality & Behavior,
4300.0,OPQ Manager Plus Report 2.0,/products/product-catalog/view/opq-manager-plus-report-2-0/,Yes,No,Personality & Behavior,
752.0,OPQ Maximising your Learning Report,/products/product-catalog/view/opq-maximising-your-learning-report/,Yes,No,Personality & Behavior,
754.0,OPQ MQ Sales Report,/products/product-catalog/view/opq-mq-sales-report/,Yes,No,Personality & Behavior,
753.0,OPQ Premium Plus Report,/products/product-catalog/view/opq-premium-plus-report/,Yes,No,Personality & Behavior,
4307.0,OPQ Premium Plus Report 2.0,/products/product-catalog/view/opq-premium-plus-report-2-0/,Yes,No,Personality & Behavior,
1050.0,OPQ Profile Report,/products/product-catalog/view/opq-profile-report/,Yes,No,Personality & Behavior,
1060.0,OPQ Team Impact Group Development Report,/products/product-catalog/view/opq-team-impact-group-development-report/,Yes,No,Personality & Behavior,
1059.0,OPQ Team Impact Individual Development Report,/products/product-catalog/view/opq-team-impact-individual-development-report/,Yes,No,Personality & Behavior,
1058.0,OPQ Team Impact Selection Report,/products/product-catalog/view/opq-team-impact-selection-report/,Yes,No,Personality & Behavior,
1061.0,OPQ Team Types & Leadership Styles Profile,/products/product-catalog/view/opq-team-types-and-leadership-styles-profile/,Yes,No,Personality & Behavior,
756.0,OPQ Team Types and Leadership Styles Report,/products/product-catalog/view/opq-team-types-and-leadership-styles-report/,Yes,No,Personality & Behavior,
757.0,OPQ UCF Development Action Planner Report 1.0,/products/product-catalog/view/opq-ucf-development-action-planner-report/,Yes,No,Personality & Behavior,
4286.0,OPQ UCF Development Action Planner Report 2.0,/products/product-catalog/view/opq-ucf-development-action-planner-report-2-0/,Yes,No,Personality & Behavior,
758.0,OPQ Universal Competency Report 1.0,/products/product-catalog/view/opq-universal-competency-report/,Yes,No,Personality & Behavior,
4289.0,OPQ Universal Competency Report 2.0,/products/product-catalog/view/opq-universal-competency-report-2-0/,Yes,No,Personality & Behavior,
1067.0,OPQ User and Managers Report,/products/product-catalog/view/opq-user-and-managers-report/,Yes,No,Personality & Behavior,
759.0,OPQ User Report,/products/product-catalog/view/opq-user-report/,Yes,No,"Personality & Behavior, Simulations",
4106.0,Oracle DBA (Advanced Level) (New),/products/product-catalog/view/oracle-dba-advanced-level-new/,Yes,No,Knowledge & Skills,12
4105.0,Oracle DBA (Entry Level) (New),/products/product-catalog/view/oracle-dba-entry-level-new/,Yes,No,Knowledge & Skills,12
4145.0,Oracle PL/SQL (New),/products/product-catalog/view/oracle-plsql-new/,Yes,No,Knowledge & Skills,11
4156.0,Oracle WebLogic Server (New),/products/product-catalog/view/oracle-weblogic-server-new/,Yes,No,Knowledge & Skills,7
4154.0,Organic Chemistry (New),/products/product-catalog/view/organic-chemistry-new/,Yes,No,Knowledge & Skills,10
4107.0,Paint Technology (New),/products/product-catalog/view/paint-technology-new/,Yes,No,Knowledge & Skills,7
3998.0,Pediatrics (New),/products/product-catalog/view/pediatrics-new/,Yes,No,Knowledge & Skills,5
4108.0,Pega Development (New),/products/product-catalog/view/pega-development-new/,Yes,No,Knowledge & Skills,17
4109.0,Perl (New),/products/product-catalog/view/perl-new/,Yes,No,Knowledge & Skills,9
4070.0,Petrochemical Engineering (New),/products/product-catalog/view/petrochemical-engineering-new/,Yes,No,Knowledge & Skills,7
4110.0,Petroleum Engineering (New),/products/product-catalog/view/petroleum-engineering-new/,Yes,No,Knowledge & Skills,10
4088.0,Pharmaceutical Analysis (New),/products/product-catalog/view/pharmaceutical-analysis-new/,Yes,No,Knowledge & Skills,12
4114.0,Pharmaceutical Chemistry (New),/products/product-catalog/view/pharmaceutical-chemistry-new/,Yes,No,Knowledge & Skills,17
4061.0,Pharmaceutical Science (New),/products/product-catalog/view/pharmaceutical-science-new/,Yes,No,Knowledge & Skills,7
4111.0,Pharmaceutics (New),/products/product-catalog/view/pharmaceutics-new/,Yes,No,Knowledge & Skills,12
4112.0,Pharmacology (New),/products/product-catalog/view/pharmacology-new/,Yes,No,Knowledge & Skills,12
4103.0,PHP (New),/products/product-catalog/view/php-new/,Yes,No,Knowledge & Skills,8
3746.0,PJM Development Report,/products/product-catalog/view/pjm-development-report/,Yes,No,"Competencies, Ability & Aptitude, Personality & Behavior",
3484.0,PJM Selection Report,/products/product-catalog/view/pjm-selection-report/,Yes,No,"Ability & Aptitude, Competencies, Personality & Behavior",
4042.0,Polymer Engineering (New),/products/product-catalog/view/polymer-engineering-new/,Yes,No,Knowledge & Skills,8
4118.0,Power Electronics and Drives (New),/products/product-catalog/view/power-electronics-and-drives-new/,Yes,No,Knowledge & Skills,15
4117.0,Power System Engineering (New),/products/product-catalog/view/power-system-engineering-new/,Yes,No,Knowledge & Skills,12
4095.0,Prism (New),/products/product-catalog/view/prism-new/,Yes,No,Knowledge & Skills,4
4121.0,Production and Industrial Engineering (New),/products/product-catalog/view/production-and-industrial-engineering-new/,Yes,No,Knowledge & Skills,13
4120.0,Production Engineering (New),/products/product-catalog/view/production-engineering-new/,Yes,No,Knowledge & Skills,10
219.0,Programming Concepts,/products/product-catalog/view/programming-concepts/,Yes,Yes,Knowledge & Skills,25
3769.0,Project Management (2013),/products/product-catalog/view/project-management-2013/,Yes,Yes,Knowledge & Skills,30
393.0,Proofreading v1,/products/product-catalog/view/proofreading-v1/,Yes,No,Knowledge & Skills,6
4123.0,Python (New),/products/product-catalog/view/python-new/,Yes,No,Knowledge & Skills,11
4124.0,R Programming (New),/products/product-catalog/view/r-programming-new/,Yes,No,Knowledge & Skills,13
4177.0,ReactJS (New),/products/product-catalog/view/reactjs-new/,Yes,No,Knowledge & Skills,10
3472.0,Reading Comprehension - English v1,/products/product-catalog/view/reading-comprehension-english-v1/,Yes,Yes,Ability & Aptitude,35
543.0,Reading Comprehension - Spanish v1,/products/product-catalog/view/reading-comprehension-spanish-v1/,Yes,Yes,Ability & Aptitude,26
3942.0,Reading Comprehension v2,/products/product-catalog/view/reading-comprehension-v2/,Yes,Yes,Ability & Aptitude,35
4204.0,RemoteWorkQ,/products/product-catalog/view/remoteworkq/,Yes,No,Competencies,10
4202.0,RemoteWorkQ Manager Report,/products/product-catalog/view/remoteworkq-manager-report/,Yes,No,Competencies,
4203.0,RemoteWorkQ Participant Report,/products/product-catalog/view/remoteworkq-participant-report/,Yes,No,Competencies,
4126.0,RESTful Web Services (New),/products/product-catalog/view/restful-web-services-new/,Yes,No,Knowledge & Skills,12
697.0,Retail Sales and Service Simulation,/products/product-catalog/view/retail-sales-and-service-simulation/,Yes,No,"Biodata & Situational Judgement, Knowledge & Skills, Simulations, Ability & Aptitude",30
395.0,Reviewing Forms - US (R1),/products/product-catalog/view/reviewing-forms-us-r1/,Yes,No,Knowledge & Skills,5
4129.0,Ruby (New),/products/product-catalog/view/ruby-new/,Yes,No,Knowledge & Skills,11
4128.0,Ruby on Rails (New),/products/product-catalog/view/ruby-on-rails-new/,Yes,No,Knowledge & Skills,11
3932.0,Sales & Service Phone Simulation,/products/product-catalog/view/sales-and-service-phone-simulation/,Yes,No,"Simulations, Biodata & Situational Judgement",20
3930.0,Sales & Service Phone Solution,/products/product-catalog/view/sales-and-service-phone-solution/,Yes,No,"Biodata & Situational Judgement, Personality & Behavior, Simulations",35
726.0,Sales Interview Guide,/products/product-catalog/view/sales-interview-guide/,Yes,No,"Personality & Behavior, Personality & Behavior",
725.0,Sales Profiler Cards,/products/product-catalog/view/sales-profiler-cards/,Yes,No,Personality & Behavior,
4230.0,Sales Transformation 1.0 - Individual Contributor,/products/product-catalog/view/sales-transformation-report-individual-contributor/,Yes,No,Personality & Behavior,
4283.0,Sales Transformation 2.0 - Individual Contributor,/products/product-catalog/view/salestransformationreport2-0-individualcontributor/,Yes,No,Personality & Behavior,
4233.0,Sales Transformation Report 1.0 - Sales Manager,/products/product-catalog/view/sales-transformation-report-sales-manager/,Yes,No,Personality & Behavior,
4288.0,Sales Transformation Report 2.0 - Sales Manager,/products/product-catalog/view/sales-transformation-report-2-0-sales-manager/,Yes,No,Personality & Behavior,
4130.0,Salesforce Development (New),/products/product-catalog/view/salesforce-development-new/,Yes,No,Knowledge & Skills,15
4131.0,SAP ABAP (Advanced Level) (New),/products/product-catalog/view/sap-abap-advanced-level-new/,Yes,No,Knowledge & Skills,12
4132.0,SAP ABAP (Intermediate Level) (New),/products/product-catalog/view/sap-abap-intermediate-level-new/,Yes,No,Knowledge & Skills,9
4133.0,SAP Basis (New),/products/product-catalog/view/sap-basis-new/,Yes,No,Knowledge & Skills,9
4136.0,SAP Business Objects WebI (New),/products/product-catalog/view/sap-business-objects-webi-new/,Yes,No,Knowledge & Skills,10
4134.0,SAP BW (Business Warehouse) (New),/products/product-catalog/view/sap-bw-business-warehouse-new/,Yes,No,Knowledge & Skills,9
4135.0,SAP HCM (Human Capital Management) (New),/products/product-catalog/view/sap-hcm-human-capital-management-new/,Yes,No,Knowledge & Skills,
4082.0,SAP Hybris (New),/products/product-catalog/view/sap-hybris-new/,Yes,No,Knowledge & Skills,20
4137.0,SAP Materials Management (New),/products/product-catalog/view/sap-materials-management-new/,Yes,No,Knowledge & Skills,10
4064.0,SAP SD (Sales and Distribution) (New),/products/product-catalog/view/sap-sd-sales-and-distribution-new/,Yes,No,Knowledge & Skills,8
4171.0,Search Engine Optimization (New),/products/product-catalog/view/search-engine-optimization-new/,Yes,No,Knowledge & Skills,12
4138.0,Selenium (New),/products/product-catalog/view/selenium-new/,Yes,No,Knowledge & Skills,10
4140.0,Shell Scripting (New),/products/product-catalog/view/shell-scripting-new/,Yes,No,Knowledge & Skills,10
3968.0,SHL Verify Interactive - Inductive Reasoning,/products/product-catalog/view/shl-verify-interactive-inductive-reasoning/,Yes,Yes,"Ability & Aptitude, Simulations",20
3947.0,SHL Verify Interactive – Deductive Reasoning,/products/product-catalog/view/shl-verify-interactive-deductive-reasoning/,Yes,Yes,"Ability & Aptitude, Simulations",20
3946.0,SHL Verify Interactive – Numerical Reasoning,/products/product-catalog/view/shl-verify-interactive-numerical-reasoning/,Yes,Yes,"Ability & Aptitude, Simulations",20
3971.0,SHL Verify Interactive G+,/products/product-catalog/view/shl-verify-interactive-g/,Yes,Yes,Ability & Aptitude,36
3972.0,SHL Verify Interactive Numerical Calculation,/products/product-catalog/view/shl-verify-interactive-numerical-calculation/,Yes,Yes,Ability & Aptitude,10
4141.0,Siebel Development (New),/products/product-catalog/view/siebel-development-new/,Yes,No,Knowledge & Skills,8
4209.0,Smart Interview Live,/products/product-catalog/view/smart-interview-live/,Yes,No,Personality & Behavior,
4218.0,Smart Interview Live Coding,/products/product-catalog/view/smart-interview-live-coding/,Yes,No,Knowledge & Skills,
4205.0,Smart Interview On Demand,/products/product-catalog/view/smart-interview-on-demand/,Yes,No,Personality & Behavior,
4014.0,Social Media (New),/products/product-catalog/view/social-media-new/,Yes,No,Knowledge & Skills,10
116.0,Software Business Analysis,/products/product-catalog/view/software-business-analysis/,Yes,Yes,Knowledge & Skills,30
4142.0,SonarQube (New),/products/product-catalog/view/sonarqube-new/,Yes,No,Knowledge & Skills,
4051.0,Spelling (U.S.) (New),/products/product-catalog/view/spelling-u-s-new/,Yes,No,Knowledge & Skills,0
40.0,Split Screen Typing Test - Form 1,/products/product-catalog/view/split-screen-typing-test-form-1/,Yes,No,"Ability & Aptitude, Knowledge & Skills",6
4143.0,Spring (New),/products/product-catalog/view/spring-new/,Yes,No,Knowledge & Skills,9
4144.0,SQL (New),/products/product-catalog/view/sql-new/,Yes,No,Knowledge & Skills,9
4035.0,SQL Server (New),/products/product-catalog/view/sql-server-new/,Yes,No,Knowledge & Skills,11
4282.0,SQL Server Analysis Services (SSAS) (New),/products/product-catalog/view/sql-server-analysis-services-%28ssas%29-%28new%29/,Yes,No,Knowledge & Skills,15
4146.0,SQL Server Integration Services (SSIS) (New),/products/product-catalog/view/sql-server-integration-services-ssis-new/,Yes,No,Knowledge & Skills,10
4147.0,SQL Server Reporting Services (SSRS) (New),/products/product-catalog/view/sql-server-reporting-services-ssrs-new/,Yes,No,Knowledge & Skills,10
3996.0,Statistical Analysis System (New),/products/product-catalog/view/statistical-analysis-system-new/,Yes,No,Knowledge & Skills,11
4151.0,Struts (New),/products/product-catalog/view/struts-new/,Yes,No,Knowledge & Skills,5
4216.0,SVAR - Spoken English (AUS),/products/product-catalog/view/svar-spoken-english-aus/,Yes,No,Simulations,
3986.0,SVAR - Spoken English (Indian Accent)  (New),/products/product-catalog/view/svar-spoken-english-indian-accent-new/,Yes,No,Simulations,
4217.0,SVAR - Spoken English (U.K.),/products/product-catalog/view/svar-spoken-english-u-k/,Yes,No,Simulations,
3987.0,SVAR - Spoken English (US)  (New),/products/product-catalog/view/svar-spoken-english-us-new/,Yes,No,Simulations,
4197.0,SVAR - Spoken French (Canadian) (New),/products/product-catalog/view/svar-spoken-french-canadian-new/,Yes,No,Simulations,
4198.0,SVAR - Spoken French (European) (New),/products/product-catalog/view/svar-spoken-french-european-new/,Yes,No,Simulations,
4199.0,SVAR - Spoken Spanish (Castilian) (New),/products/product-catalog/view/svar-spoken-spanish-castilian-new/,Yes,No,Simulations,
4200.0,SVAR - Spoken Spanish (North American) (New),/products/product-catalog/view/svar-spoken-spanish-north-american-new/,Yes,No,Simulations,
4049.0,Swing (New),/products/product-catalog/view/swing-new/,Yes,No,Knowledge & Skills,4
4079.0,Tableau (New),/products/product-catalog/view/tableau-new/,Yes,No,Knowledge & Skills,8
4020.0,Telecommunications Engineering (New),/products/product-catalog/view/telecommunications-engineering-new/,Yes,No,Knowledge & Skills,7
4167.0,Teradata Development (New),/products/product-catalog/view/teradata-development-new/,Yes,No,Knowledge & Skills,9
251.0,Time Management (U.S.),/products/product-catalog/view/time-management-u-s/,Yes,Yes,Knowledge & Skills,15
336.0,Training Development,/products/product-catalog/view/training-development/,Yes,Yes,Knowledge & Skills,15
4201.0,Typing (New),/products/product-catalog/view/typing-new/,Yes,No,Simulations,2
4175.0,UiPath RPA Development (New),/products/product-catalog/view/uipath-rpa-development-new/,Yes,No,Knowledge & Skills,8
735.0,Universal Competency Framework Interview Guide,/products/product-catalog/view/universal-competency-framework-interview-guide/,Yes,No,"Competencies, Personality & Behavior",
734.0,Universal Competency Framework Job profiling guide,/products/product-catalog/view/universal-competency-framework-job-profiling-guide/,Yes,No,"Competencies, Personality & Behavior",
733.0,Universal Competency Framework Profiler Cards (44),/products/product-catalog/view/universal-competency-framework-profiler-cards-44/,Yes,No,"Competencies, Personality & Behavior",
4172.0,UNIX (New),/products/product-catalog/view/unix-new/,Yes,No,Knowledge & Skills,9
4173.0,VB.NET (New),/products/product-catalog/view/vb-net-new/,Yes,No,Knowledge & Skills,10
3733.0,Verify - Deductive Reasoning,/products/product-catalog/view/verify-deductive-reasoning/,Yes,Yes,Ability & Aptitude,20
3941.0,Verify - Following Instructions,/products/product-catalog/view/verify-following-instructions/,Yes,No,Ability & Aptitude,8
3908.0,Verify - G+,/products/product-catalog/view/verify-g/,Yes,Yes,Ability & Aptitude,36
3734.0,Verify - General Ability Screen,/products/product-catalog/view/verify-general-ability-screen/,Yes,Yes,Ability & Aptitude,10
3836.0,Verify - Inductive Reasoning (2014),/products/product-catalog/view/verify-inductive-reasoning-2014/,Yes,Yes,Ability & Aptitude,24
3745.0,Verify - Numerical Ability,/products/product-catalog/view/verify-numerical-ability/,Yes,Yes,Ability & Aptitude,20
3768.0,Verify - Technical Checking - Next Generation,/products/product-catalog/view/verify-technical-checking-next-generation/,Yes,No,Ability & Aptitude,5
3906.0,Verify - Verbal Ability - Next Generation,/products/product-catalog/view/verify-verbal-ability-next-generation/,Yes,Yes,Ability & Aptitude,15
3940.0,Verify - Working with Information,/products/product-catalog/view/verify-working-with-information/,Yes,No,Ability & Aptitude,10
3945.0,Verify G+ - Ability Test Report,/products/product-catalog/view/verify-g-ability-test-report/,Yes,No,Ability & Aptitude,
3970.0,Verify G+ - Candidate Report,/products/product-catalog/view/verify-g-candidate-report/,Yes,No,Ability & Aptitude,
3969.0,Verify Interactive Ability Report,/products/product-catalog/view/verify-interactive-ability-report/,Yes,No,Ability & Aptitude,
3976.0,Verify Interactive G+ Candidate Report,/products/product-catalog/view/verify-interactive-g-candidate-report/,Yes,No,Ability & Aptitude,
3974.0,Verify Interactive G+ Report,/products/product-catalog/view/verify-interactive-g-report/,Yes,No,Ability & Aptitude,
4290.0,Verify Interactive Process Monitoring,/products/product-catalog/view/verify-interactive-process-monitoring/,Yes,No,Ability & Aptitude,18
4215.0,Virtual Assessment and Development Centers,/products/product-catalog/view/virtual-assessment-and-development-centers/,Yes,No,Personality & Behavior,
4163.0,Visual Basic for Applications (New),/products/product-catalog/view/visual-basic-for-applications-new/,Yes,No,Knowledge & Skills,7
399.0,Visual Comparison - UK,/products/product-catalog/view/visual-comparison-uk/,Yes,No,Knowledge & Skills,5
400.0,Visual Comparison - US,/products/product-catalog/view/visual-comparison-us/,Yes,No,Knowledge & Skills,5
4164.0,VLSI and Embedded Systems (New),/products/product-catalog/view/vlsi-and-embedded-systems-new/,Yes,No,Knowledge & Skills,9
3459.0,What Is The Value - US,/products/product-catalog/view/what-is-the-value-us/,Yes,Yes,Knowledge & Skills,5
3991.0,Workplace Administration Skills (New),/products/product-catalog/view/workplace-administration-skills-new/,Yes,No,Knowledge & Skills,12
4068.0,Workplace Health and Safety (New),/products/product-catalog/view/workplace-health-and-safety-new/,Yes,No,Knowledge & Skills,9
4183.0,WriteX - Email Writing (Customer Service) (New),/products/product-catalog/view/writex-email-writing-customer-service-new/,Yes,No,Simulations,15
4184.0,WriteX - Email Writing (Managerial) (New),/products/product-catalog/view/writex-email-writing-managerial-new/,Yes,No,Simulations,15
4185.0,WriteX - Email Writing (Sales) (New),/products/product-catalog/view/writex-email-writing-sales-new/,Yes,No,"Biodata & Situational Judgement, Simulations",15
17.0,Written English v1,/products/product-catalog/view/written-english-v1/,Yes,Yes,Knowledge & Skills,30
18.0,Written Spanish,/products/product-catalog/view/written-spanish/,Yes,Yes,Knowledge & Skills,22
4166.0,Zabbix (New),/products/product-catalog/view/zabbix-new/,Yes,No,Knowledge & Skills,9
4297.0,360 Digital Report,/products/product-catalog/view/360-digital-report/,Yes,No,Development & 360,
744.0,360° Multi-Rater Feedback System (MFS),/products/product-catalog/view/360-multi-rater-feedback-system-mfs/,Yes,No,"Development & 360, Personality & Behavior",
